val_rmse_mean,val_rmse_std,val_mae_mean,val_mae_std,test_rmse_mean,test_rmse_ci_low,test_rmse_ci_high,test_mae_mean,test_mae_ci_low,test_mae_ci_high
1.4942065,0.032490037,1.2300154,0.027081955,1.7444197,1.5304156213998794,2.0140842914581296,1.3389993,1.235577765107155,1.4498291999101638
