val_rmse_mean,val_rmse_std,val_mae_mean,val_mae_std,test_rmse_mean,test_rmse_ci_low,test_rmse_ci_high,test_mae_mean,test_mae_ci_low,test_mae_ci_high
2.004515,0.23769626,1.3090203,0.14714006,2.5377047,1.78909829556942,3.4031273543834684,1.6092832,1.3096170127391815,1.9731657773256301
